phase,task_family,method,training_seed,status,provisional_run_cap_gpu_hours,control_budget,routing,source_data,notes
core,peg_insertion,original_rlt,2026,PLANNED_NOT_RUN,12,freeze_valid_tick_budget_after_profile,same_declared_routing_for_all,same_source_pool,"Task candidates require demos and checkpoint validation; 12h is an estimate, not a measured runtime"
core,peg_insertion,original_rlt,2027,PLANNED_NOT_RUN,12,freeze_valid_tick_budget_after_profile,same_declared_routing_for_all,same_source_pool,"Task candidates require demos and checkpoint validation; 12h is an estimate, not a measured runtime"
core,peg_insertion,original_rlt,2028,PLANNED_NOT_RUN,12,freeze_valid_tick_budget_after_profile,same_declared_routing_for_all,same_source_pool,"Task candidates require demos and checkpoint validation; 12h is an estimate, not a measured runtime"
core,peg_insertion,capacity_matched_rlt,2026,PLANNED_NOT_RUN,12,freeze_valid_tick_budget_after_profile,same_declared_routing_for_all,same_source_pool,"Task candidates require demos and checkpoint validation; 12h is an estimate, not a measured runtime"
core,peg_insertion,capacity_matched_rlt,2027,PLANNED_NOT_RUN,12,freeze_valid_tick_budget_after_profile,same_declared_routing_for_all,same_source_pool,"Task candidates require demos and checkpoint validation; 12h is an estimate, not a measured runtime"
core,peg_insertion,capacity_matched_rlt,2028,PLANNED_NOT_RUN,12,freeze_valid_tick_budget_after_profile,same_declared_routing_for_all,same_source_pool,"Task candidates require demos and checkpoint validation; 12h is an estimate, not a measured runtime"
core,peg_insertion,recent_history,2026,PLANNED_NOT_RUN,12,freeze_valid_tick_budget_after_profile,same_declared_routing_for_all,same_source_pool,"Task candidates require demos and checkpoint validation; 12h is an estimate, not a measured runtime"
core,peg_insertion,recent_history,2027,PLANNED_NOT_RUN,12,freeze_valid_tick_budget_after_profile,same_declared_routing_for_all,same_source_pool,"Task candidates require demos and checkpoint validation; 12h is an estimate, not a measured runtime"
core,peg_insertion,recent_history,2028,PLANNED_NOT_RUN,12,freeze_valid_tick_budget_after_profile,same_declared_routing_for_all,same_source_pool,"Task candidates require demos and checkpoint validation; 12h is an estimate, not a measured runtime"
core,peg_insertion,current_attention,2026,PLANNED_NOT_RUN,12,freeze_valid_tick_budget_after_profile,same_declared_routing_for_all,same_source_pool,"Task candidates require demos and checkpoint validation; 12h is an estimate, not a measured runtime"
core,peg_insertion,current_attention,2027,PLANNED_NOT_RUN,12,freeze_valid_tick_budget_after_profile,same_declared_routing_for_all,same_source_pool,"Task candidates require demos and checkpoint validation; 12h is an estimate, not a measured runtime"
core,peg_insertion,current_attention,2028,PLANNED_NOT_RUN,12,freeze_valid_tick_budget_after_profile,same_declared_routing_for_all,same_source_pool,"Task candidates require demos and checkpoint validation; 12h is an estimate, not a measured runtime"
core,peg_insertion,fixed_response,2026,PLANNED_NOT_RUN,12,freeze_valid_tick_budget_after_profile,same_declared_routing_for_all,same_source_pool,"Task candidates require demos and checkpoint validation; 12h is an estimate, not a measured runtime"
core,peg_insertion,fixed_response,2027,PLANNED_NOT_RUN,12,freeze_valid_tick_budget_after_profile,same_declared_routing_for_all,same_source_pool,"Task candidates require demos and checkpoint validation; 12h is an estimate, not a measured runtime"
core,peg_insertion,fixed_response,2028,PLANNED_NOT_RUN,12,freeze_valid_tick_budget_after_profile,same_declared_routing_for_all,same_source_pool,"Task candidates require demos and checkpoint validation; 12h is an estimate, not a measured runtime"
core,peg_insertion,consequence_memory,2026,PLANNED_NOT_RUN,12,freeze_valid_tick_budget_after_profile,same_declared_routing_for_all,same_source_pool,"Task candidates require demos and checkpoint validation; 12h is an estimate, not a measured runtime"
core,peg_insertion,consequence_memory,2027,PLANNED_NOT_RUN,12,freeze_valid_tick_budget_after_profile,same_declared_routing_for_all,same_source_pool,"Task candidates require demos and checkpoint validation; 12h is an estimate, not a measured runtime"
core,peg_insertion,consequence_memory,2028,PLANNED_NOT_RUN,12,freeze_valid_tick_budget_after_profile,same_declared_routing_for_all,same_source_pool,"Task candidates require demos and checkpoint validation; 12h is an estimate, not a measured runtime"
core,pushing_alignment_candidate,original_rlt,2026,PLANNED_NOT_RUN,12,freeze_valid_tick_budget_after_profile,same_declared_routing_for_all,same_source_pool,"Task candidates require demos and checkpoint validation; 12h is an estimate, not a measured runtime"
core,pushing_alignment_candidate,original_rlt,2027,PLANNED_NOT_RUN,12,freeze_valid_tick_budget_after_profile,same_declared_routing_for_all,same_source_pool,"Task candidates require demos and checkpoint validation; 12h is an estimate, not a measured runtime"
core,pushing_alignment_candidate,original_rlt,2028,PLANNED_NOT_RUN,12,freeze_valid_tick_budget_after_profile,same_declared_routing_for_all,same_source_pool,"Task candidates require demos and checkpoint validation; 12h is an estimate, not a measured runtime"
core,pushing_alignment_candidate,capacity_matched_rlt,2026,PLANNED_NOT_RUN,12,freeze_valid_tick_budget_after_profile,same_declared_routing_for_all,same_source_pool,"Task candidates require demos and checkpoint validation; 12h is an estimate, not a measured runtime"
core,pushing_alignment_candidate,capacity_matched_rlt,2027,PLANNED_NOT_RUN,12,freeze_valid_tick_budget_after_profile,same_declared_routing_for_all,same_source_pool,"Task candidates require demos and checkpoint validation; 12h is an estimate, not a measured runtime"
core,pushing_alignment_candidate,capacity_matched_rlt,2028,PLANNED_NOT_RUN,12,freeze_valid_tick_budget_after_profile,same_declared_routing_for_all,same_source_pool,"Task candidates require demos and checkpoint validation; 12h is an estimate, not a measured runtime"
core,pushing_alignment_candidate,recent_history,2026,PLANNED_NOT_RUN,12,freeze_valid_tick_budget_after_profile,same_declared_routing_for_all,same_source_pool,"Task candidates require demos and checkpoint validation; 12h is an estimate, not a measured runtime"
core,pushing_alignment_candidate,recent_history,2027,PLANNED_NOT_RUN,12,freeze_valid_tick_budget_after_profile,same_declared_routing_for_all,same_source_pool,"Task candidates require demos and checkpoint validation; 12h is an estimate, not a measured runtime"
core,pushing_alignment_candidate,recent_history,2028,PLANNED_NOT_RUN,12,freeze_valid_tick_budget_after_profile,same_declared_routing_for_all,same_source_pool,"Task candidates require demos and checkpoint validation; 12h is an estimate, not a measured runtime"
core,pushing_alignment_candidate,current_attention,2026,PLANNED_NOT_RUN,12,freeze_valid_tick_budget_after_profile,same_declared_routing_for_all,same_source_pool,"Task candidates require demos and checkpoint validation; 12h is an estimate, not a measured runtime"
core,pushing_alignment_candidate,current_attention,2027,PLANNED_NOT_RUN,12,freeze_valid_tick_budget_after_profile,same_declared_routing_for_all,same_source_pool,"Task candidates require demos and checkpoint validation; 12h is an estimate, not a measured runtime"
core,pushing_alignment_candidate,current_attention,2028,PLANNED_NOT_RUN,12,freeze_valid_tick_budget_after_profile,same_declared_routing_for_all,same_source_pool,"Task candidates require demos and checkpoint validation; 12h is an estimate, not a measured runtime"
core,pushing_alignment_candidate,fixed_response,2026,PLANNED_NOT_RUN,12,freeze_valid_tick_budget_after_profile,same_declared_routing_for_all,same_source_pool,"Task candidates require demos and checkpoint validation; 12h is an estimate, not a measured runtime"
core,pushing_alignment_candidate,fixed_response,2027,PLANNED_NOT_RUN,12,freeze_valid_tick_budget_after_profile,same_declared_routing_for_all,same_source_pool,"Task candidates require demos and checkpoint validation; 12h is an estimate, not a measured runtime"
core,pushing_alignment_candidate,fixed_response,2028,PLANNED_NOT_RUN,12,freeze_valid_tick_budget_after_profile,same_declared_routing_for_all,same_source_pool,"Task candidates require demos and checkpoint validation; 12h is an estimate, not a measured runtime"
core,pushing_alignment_candidate,consequence_memory,2026,PLANNED_NOT_RUN,12,freeze_valid_tick_budget_after_profile,same_declared_routing_for_all,same_source_pool,"Task candidates require demos and checkpoint validation; 12h is an estimate, not a measured runtime"
core,pushing_alignment_candidate,consequence_memory,2027,PLANNED_NOT_RUN,12,freeze_valid_tick_budget_after_profile,same_declared_routing_for_all,same_source_pool,"Task candidates require demos and checkpoint validation; 12h is an estimate, not a measured runtime"
core,pushing_alignment_candidate,consequence_memory,2028,PLANNED_NOT_RUN,12,freeze_valid_tick_budget_after_profile,same_declared_routing_for_all,same_source_pool,"Task candidates require demos and checkpoint validation; 12h is an estimate, not a measured runtime"
core,articulated_manipulation_candidate,original_rlt,2026,PLANNED_NOT_RUN,12,freeze_valid_tick_budget_after_profile,same_declared_routing_for_all,same_source_pool,"Task candidates require demos and checkpoint validation; 12h is an estimate, not a measured runtime"
core,articulated_manipulation_candidate,original_rlt,2027,PLANNED_NOT_RUN,12,freeze_valid_tick_budget_after_profile,same_declared_routing_for_all,same_source_pool,"Task candidates require demos and checkpoint validation; 12h is an estimate, not a measured runtime"
core,articulated_manipulation_candidate,original_rlt,2028,PLANNED_NOT_RUN,12,freeze_valid_tick_budget_after_profile,same_declared_routing_for_all,same_source_pool,"Task candidates require demos and checkpoint validation; 12h is an estimate, not a measured runtime"
core,articulated_manipulation_candidate,capacity_matched_rlt,2026,PLANNED_NOT_RUN,12,freeze_valid_tick_budget_after_profile,same_declared_routing_for_all,same_source_pool,"Task candidates require demos and checkpoint validation; 12h is an estimate, not a measured runtime"
core,articulated_manipulation_candidate,capacity_matched_rlt,2027,PLANNED_NOT_RUN,12,freeze_valid_tick_budget_after_profile,same_declared_routing_for_all,same_source_pool,"Task candidates require demos and checkpoint validation; 12h is an estimate, not a measured runtime"
core,articulated_manipulation_candidate,capacity_matched_rlt,2028,PLANNED_NOT_RUN,12,freeze_valid_tick_budget_after_profile,same_declared_routing_for_all,same_source_pool,"Task candidates require demos and checkpoint validation; 12h is an estimate, not a measured runtime"
core,articulated_manipulation_candidate,recent_history,2026,PLANNED_NOT_RUN,12,freeze_valid_tick_budget_after_profile,same_declared_routing_for_all,same_source_pool,"Task candidates require demos and checkpoint validation; 12h is an estimate, not a measured runtime"
core,articulated_manipulation_candidate,recent_history,2027,PLANNED_NOT_RUN,12,freeze_valid_tick_budget_after_profile,same_declared_routing_for_all,same_source_pool,"Task candidates require demos and checkpoint validation; 12h is an estimate, not a measured runtime"
core,articulated_manipulation_candidate,recent_history,2028,PLANNED_NOT_RUN,12,freeze_valid_tick_budget_after_profile,same_declared_routing_for_all,same_source_pool,"Task candidates require demos and checkpoint validation; 12h is an estimate, not a measured runtime"
core,articulated_manipulation_candidate,current_attention,2026,PLANNED_NOT_RUN,12,freeze_valid_tick_budget_after_profile,same_declared_routing_for_all,same_source_pool,"Task candidates require demos and checkpoint validation; 12h is an estimate, not a measured runtime"
core,articulated_manipulation_candidate,current_attention,2027,PLANNED_NOT_RUN,12,freeze_valid_tick_budget_after_profile,same_declared_routing_for_all,same_source_pool,"Task candidates require demos and checkpoint validation; 12h is an estimate, not a measured runtime"
core,articulated_manipulation_candidate,current_attention,2028,PLANNED_NOT_RUN,12,freeze_valid_tick_budget_after_profile,same_declared_routing_for_all,same_source_pool,"Task candidates require demos and checkpoint validation; 12h is an estimate, not a measured runtime"
core,articulated_manipulation_candidate,fixed_response,2026,PLANNED_NOT_RUN,12,freeze_valid_tick_budget_after_profile,same_declared_routing_for_all,same_source_pool,"Task candidates require demos and checkpoint validation; 12h is an estimate, not a measured runtime"
core,articulated_manipulation_candidate,fixed_response,2027,PLANNED_NOT_RUN,12,freeze_valid_tick_budget_after_profile,same_declared_routing_for_all,same_source_pool,"Task candidates require demos and checkpoint validation; 12h is an estimate, not a measured runtime"
core,articulated_manipulation_candidate,fixed_response,2028,PLANNED_NOT_RUN,12,freeze_valid_tick_budget_after_profile,same_declared_routing_for_all,same_source_pool,"Task candidates require demos and checkpoint validation; 12h is an estimate, not a measured runtime"
core,articulated_manipulation_candidate,consequence_memory,2026,PLANNED_NOT_RUN,12,freeze_valid_tick_budget_after_profile,same_declared_routing_for_all,same_source_pool,"Task candidates require demos and checkpoint validation; 12h is an estimate, not a measured runtime"
core,articulated_manipulation_candidate,consequence_memory,2027,PLANNED_NOT_RUN,12,freeze_valid_tick_budget_after_profile,same_declared_routing_for_all,same_source_pool,"Task candidates require demos and checkpoint validation; 12h is an estimate, not a measured runtime"
core,articulated_manipulation_candidate,consequence_memory,2028,PLANNED_NOT_RUN,12,freeze_valid_tick_budget_after_profile,same_declared_routing_for_all,same_source_pool,"Task candidates require demos and checkpoint validation; 12h is an estimate, not a measured runtime"
nearest_control,peg_insertion,erlt_style,2026,REQUIRES_IMPLEMENTATION,12,same_as_core,same_as_core,same_source_pool,Label adaptation scope; no paper-number substitution
nearest_control,peg_insertion,erlt_style,2027,REQUIRES_IMPLEMENTATION,12,same_as_core,same_as_core,same_source_pool,Label adaptation scope; no paper-number substitution
nearest_control,peg_insertion,erlt_style,2028,REQUIRES_IMPLEMENTATION,12,same_as_core,same_as_core,same_source_pool,Label adaptation scope; no paper-number substitution
nearest_control,peg_insertion,prediction_only,2026,REQUIRES_IMPLEMENTATION,12,same_as_core,same_as_core,same_source_pool,Label adaptation scope; no paper-number substitution
nearest_control,peg_insertion,prediction_only,2027,REQUIRES_IMPLEMENTATION,12,same_as_core,same_as_core,same_source_pool,Label adaptation scope; no paper-number substitution
nearest_control,peg_insertion,prediction_only,2028,REQUIRES_IMPLEMENTATION,12,same_as_core,same_as_core,same_source_pool,Label adaptation scope; no paper-number substitution
nearest_control,peg_insertion,zeva_style_cte,2026,REQUIRES_IMPLEMENTATION,12,same_as_core,same_as_core,same_source_pool,Label adaptation scope; no paper-number substitution
nearest_control,peg_insertion,zeva_style_cte,2027,REQUIRES_IMPLEMENTATION,12,same_as_core,same_as_core,same_source_pool,Label adaptation scope; no paper-number substitution
nearest_control,peg_insertion,zeva_style_cte,2028,REQUIRES_IMPLEMENTATION,12,same_as_core,same_as_core,same_source_pool,Label adaptation scope; no paper-number substitution
